repeat,fold,row_idx
0,0,1
0,0,6
0,0,8
0,0,9
0,0,12
0,0,19
0,0,21
0,0,25
0,0,29
0,0,31
0,0,39
0,0,42
0,0,43
0,0,47
0,0,56
0,0,63
0,0,64
0,0,66
0,0,68
0,0,80
0,0,85
0,0,89
0,0,91
0,0,95
0,0,115
0,0,116
0,0,139
0,0,152
0,0,157
0,0,159
0,0,166
0,0,169
0,0,184
0,0,185
0,0,189
0,0,194
0,0,199
0,0,201
0,0,204
0,0,213
0,0,220
0,0,224
0,0,226
0,0,234
0,0,238
0,0,240
0,0,243
0,0,249
0,0,254
0,0,256
0,0,259
0,0,260
0,0,262
0,0,267
0,0,271
0,0,292
0,0,300
0,0,301
0,0,309
0,0,321
0,0,325
0,0,326
0,0,328
0,0,343
0,0,344
0,0,346
0,0,348
0,0,349
0,0,352
0,0,353
0,0,354
0,0,355
0,0,357
0,0,360
0,0,368
0,0,369
0,0,376
0,0,377
0,0,378
0,0,379
0,0,382
0,0,389
0,0,392
0,0,394
0,0,395
0,0,409
0,0,415
0,0,422
0,0,426
0,0,428
0,0,433
0,0,436
0,0,442
0,0,446
0,0,450
0,0,451
0,0,452
0,0,458
0,0,461
0,0,462
0,0,467
0,0,472
0,0,474
0,0,485
0,0,490
0,0,501
0,0,507
0,0,509
0,0,512
0,0,516
0,0,523
0,0,528
0,0,531
0,0,534
0,0,537
0,0,544
0,0,547
0,0,554
0,0,563
0,0,564
0,0,569
0,0,577
0,0,578
0,0,590
0,0,602
0,0,603
0,0,607
0,0,615
0,0,624
0,0,625
0,0,628
0,0,631
0,0,633
0,0,638
0,0,639
0,0,641
0,0,643
0,0,644
0,0,650
0,0,658
0,0,663
0,0,672
0,0,681
0,0,685
0,0,687
0,0,690
0,0,699
0,0,703
0,0,711
0,0,714
0,0,719
0,0,733
0,0,739
0,0,746
0,0,754
0,0,767
0,0,769
0,0,773
0,0,777
0,0,781
0,0,787
0,0,789
0,0,794
0,0,801
0,0,809
0,0,810
0,0,812
0,0,815
0,0,818
0,0,825
0,0,829
0,0,831
0,0,834
0,0,835
0,0,836
0,0,840
0,0,857
0,0,862
0,0,870
0,0,880
0,0,882
0,0,890
0,0,908
0,0,921
0,0,943
0,0,953
0,0,955
0,0,957
0,0,958
0,0,961
0,0,963
0,0,964
0,0,968
0,0,981
0,0,983
0,0,985
0,0,987
0,0,989
0,0,990
0,0,1004
0,0,1005
0,0,1024
0,0,1026
0,0,1031
0,0,1032
0,0,1035
0,0,1036
0,0,1041
0,0,1044
0,0,1047
0,0,1049
0,0,1053
0,0,1063
0,0,1068
0,0,1069
0,0,1071
0,0,1083
0,0,1084
0,0,1086
0,0,1093
0,0,1098
0,0,1099
0,0,1100
0,0,1105
0,0,1106
0,0,1107
0,0,1112
0,0,1119
0,0,1125
0,0,1141
0,0,1143
0,0,1145
0,0,1146
0,0,1147
0,0,1154
0,0,1178
0,0,1185
0,0,1187
0,0,1191
0,0,1192
0,0,1194
0,0,1202
0,0,1213
0,0,1218
0,0,1221
0,0,1223
0,0,1225
0,0,1229
0,0,1233
0,0,1240
0,0,1242
0,1,0
0,1,2
0,1,3
0,1,4
0,1,7
0,1,16
0,1,17
0,1,27
0,1,30
0,1,34
0,1,45
0,1,52
0,1,60
0,1,62
0,1,67
0,1,69
0,1,73
0,1,74
0,1,79
0,1,81
0,1,90
0,1,106
0,1,124
0,1,125
0,1,126
0,1,133
0,1,137
0,1,144
0,1,148
0,1,158
0,1,162
0,1,183
0,1,186
0,1,187
0,1,190
0,1,191
0,1,198
0,1,200
0,1,206
0,1,208
0,1,215
0,1,222
0,1,231
0,1,237
0,1,239
0,1,248
0,1,253
0,1,255
0,1,278
0,1,280
0,1,296
0,1,302
0,1,304
0,1,305
0,1,310
0,1,315
0,1,329
0,1,333
0,1,341
0,1,345
0,1,362
0,1,381
0,1,390
0,1,405
0,1,406
0,1,407
0,1,408
0,1,412
0,1,417
0,1,427
0,1,431
0,1,438
0,1,439
0,1,447
0,1,448
0,1,453
0,1,466
0,1,468
0,1,471
0,1,488
0,1,496
0,1,511
0,1,513
0,1,515
0,1,527
0,1,533
0,1,536
0,1,538
0,1,545
0,1,552
0,1,555
0,1,557
0,1,560
0,1,574
0,1,576
0,1,580
0,1,586
0,1,588
0,1,589
0,1,596
0,1,597
0,1,599
0,1,609
0,1,611
0,1,614
0,1,621
0,1,627
0,1,630
0,1,642
0,1,648
0,1,653
0,1,654
0,1,655
0,1,661
0,1,666
0,1,667
0,1,670
0,1,676
0,1,688
0,1,693
0,1,696
0,1,702
0,1,709
0,1,712
0,1,715
0,1,717
0,1,725
0,1,726
0,1,727
0,1,729
0,1,731
0,1,734
0,1,740
0,1,747
0,1,748
0,1,753
0,1,755
0,1,764
0,1,771
0,1,772
0,1,776
0,1,779
0,1,784
0,1,788
0,1,802
0,1,814
0,1,816
0,1,822
0,1,824
0,1,833
0,1,844
0,1,848
0,1,855
0,1,858
0,1,863
0,1,866
0,1,872
0,1,873
0,1,875
0,1,879
0,1,881
0,1,884
0,1,886
0,1,892
0,1,893
0,1,895
0,1,910
0,1,929
0,1,932
0,1,933
0,1,935
0,1,938
0,1,941
0,1,944
0,1,947
0,1,951
0,1,967
0,1,969
0,1,970
0,1,972
0,1,974
0,1,976
0,1,980
0,1,984
0,1,986
0,1,988
0,1,991
0,1,995
0,1,996
0,1,1000
0,1,1007
0,1,1010
0,1,1012
0,1,1015
0,1,1016
0,1,1018
0,1,1022
0,1,1037
0,1,1039
0,1,1040
0,1,1046
0,1,1051
0,1,1057
0,1,1058
0,1,1059
0,1,1060
0,1,1064
0,1,1070
0,1,1073
0,1,1079
0,1,1092
0,1,1095
0,1,1104
0,1,1108
0,1,1111
0,1,1115
0,1,1116
0,1,1120
0,1,1126
0,1,1132
0,1,1133
0,1,1152
0,1,1155
0,1,1157
0,1,1161
0,1,1162
0,1,1164
0,1,1169
0,1,1170
0,1,1175
0,1,1179
0,1,1180
0,1,1182
0,1,1183
0,1,1186
0,1,1189
0,1,1195
0,1,1198
0,1,1199
0,1,1200
0,1,1203
0,1,1211
0,1,1212
0,1,1224
0,1,1226
0,1,1231
0,1,1234
0,1,1236
0,1,1239
0,1,1246
0,1,1249
0,2,18
0,2,20
0,2,24
0,2,28
0,2,33
0,2,40
0,2,48
0,2,49
0,2,51
0,2,61
0,2,71
0,2,77
0,2,78
0,2,82
0,2,83
0,2,88
0,2,93
0,2,104
0,2,105
0,2,112
0,2,114
0,2,117
0,2,119
0,2,120
0,2,123
0,2,131
0,2,134
0,2,135
0,2,140
0,2,149
0,2,155
0,2,156
0,2,163
0,2,167
0,2,172
0,2,174
0,2,182
0,2,197
0,2,212
0,2,214
0,2,217
0,2,221
0,2,225
0,2,227
0,2,232
0,2,235
0,2,236
0,2,241
0,2,244
0,2,246
0,2,251
0,2,264
0,2,269
0,2,270
0,2,274
0,2,275
0,2,277
0,2,283
0,2,284
0,2,286
0,2,289
0,2,290
0,2,293
0,2,294
0,2,297
0,2,312
0,2,314
0,2,319
0,2,322
0,2,332
0,2,334
0,2,337
0,2,338
0,2,342
0,2,350
0,2,361
0,2,364
0,2,366
0,2,384
0,2,398
0,2,402
0,2,410
0,2,414
0,2,418
0,2,420
0,2,423
0,2,425
0,2,429
0,2,434
0,2,437
0,2,460
0,2,463
0,2,464
0,2,473
0,2,476
0,2,477
0,2,478
0,2,481
0,2,482
0,2,491
0,2,493
0,2,494
0,2,495
0,2,498
0,2,500
0,2,502
0,2,503
0,2,505
0,2,508
0,2,521
0,2,525
0,2,526
0,2,529
0,2,530
0,2,532
0,2,535
0,2,541
0,2,550
0,2,556
0,2,558
0,2,559
0,2,561
0,2,562
0,2,570
0,2,572
0,2,573
0,2,575
0,2,579
0,2,582
0,2,583
0,2,584
0,2,585
0,2,587
0,2,595
0,2,598
0,2,600
0,2,604
0,2,617
0,2,632
0,2,635
0,2,637
0,2,640
0,2,647
0,2,651
0,2,657
0,2,659
0,2,662
0,2,668
0,2,669
0,2,674
0,2,675
0,2,678
0,2,679
0,2,683
0,2,684
0,2,689
0,2,692
0,2,694
0,2,698
0,2,701
0,2,706
0,2,707
0,2,708
0,2,720
0,2,722
0,2,735
0,2,737
0,2,741
0,2,743
0,2,744
0,2,749
0,2,750
0,2,758
0,2,759
0,2,766
0,2,774
0,2,775
0,2,783
0,2,785
0,2,786
0,2,790
0,2,792
0,2,798
0,2,804
0,2,819
0,2,826
0,2,839
0,2,842
0,2,845
0,2,847
0,2,849
0,2,854
0,2,859
0,2,860
0,2,867
0,2,871
0,2,885
0,2,903
0,2,913
0,2,923
0,2,924
0,2,930
0,2,934
0,2,946
0,2,973
0,2,975
0,2,977
0,2,978
0,2,1002
0,2,1003
0,2,1006
0,2,1014
0,2,1023
0,2,1025
0,2,1038
0,2,1043
0,2,1050
0,2,1054
0,2,1077
0,2,1078
0,2,1082
0,2,1085
0,2,1094
0,2,1101
0,2,1102
0,2,1103
0,2,1109
0,2,1117
0,2,1128
0,2,1135
0,2,1137
0,2,1139
0,2,1140
0,2,1142
0,2,1148
0,2,1156
0,2,1160
0,2,1166
0,2,1167
0,2,1173
0,2,1190
0,2,1205
0,2,1206
0,2,1209
0,2,1216
0,2,1217
0,2,1222
0,2,1227
0,2,1232
0,2,1237
0,2,1245
0,3,5
0,3,10
0,3,11
0,3,22
0,3,35
0,3,37
0,3,38
0,3,41
0,3,58
0,3,59
0,3,65
0,3,75
0,3,87
0,3,94
0,3,97
0,3,100
0,3,118
0,3,127
0,3,128
0,3,129
0,3,130
0,3,132
0,3,136
0,3,141
0,3,142
0,3,145
0,3,150
0,3,154
0,3,160
0,3,161
0,3,164
0,3,170
0,3,171
0,3,175
0,3,176
0,3,178
0,3,181
0,3,188
0,3,193
0,3,207
0,3,209
0,3,210
0,3,219
0,3,230
0,3,233
0,3,242
0,3,245
0,3,258
0,3,263
0,3,265
0,3,268
0,3,273
0,3,282
0,3,285
0,3,288
0,3,295
0,3,299
0,3,306
0,3,307
0,3,311
0,3,316
0,3,317
0,3,318
0,3,320
0,3,324
0,3,330
0,3,335
0,3,351
0,3,356
0,3,359
0,3,365
0,3,372
0,3,374
0,3,380
0,3,383
0,3,387
0,3,388
0,3,391
0,3,396
0,3,397
0,3,399
0,3,400
0,3,404
0,3,413
0,3,419
0,3,421
0,3,424
0,3,432
0,3,440
0,3,441
0,3,455
0,3,459
0,3,469
0,3,479
0,3,483
0,3,492
0,3,499
0,3,504
0,3,506
0,3,510
0,3,514
0,3,517
0,3,543
0,3,546
0,3,551
0,3,565
0,3,567
0,3,571
0,3,581
0,3,594
0,3,612
0,3,613
0,3,616
0,3,618
0,3,629
0,3,634
0,3,649
0,3,652
0,3,660
0,3,664
0,3,665
0,3,671
0,3,680
0,3,682
0,3,686
0,3,691
0,3,695
0,3,697
0,3,700
0,3,705
0,3,713
0,3,718
0,3,723
0,3,724
0,3,728
0,3,730
0,3,732
0,3,745
0,3,751
0,3,752
0,3,757
0,3,762
0,3,763
0,3,765
0,3,770
0,3,782
0,3,791
0,3,793
0,3,796
0,3,797
0,3,800
0,3,803
0,3,806
0,3,807
0,3,808
0,3,820
0,3,827
0,3,828
0,3,830
0,3,837
0,3,838
0,3,841
0,3,843
0,3,846
0,3,850
0,3,851
0,3,853
0,3,861
0,3,874
0,3,877
0,3,878
0,3,888
0,3,889
0,3,894
0,3,897
0,3,898
0,3,899
0,3,901
0,3,904
0,3,906
0,3,907
0,3,912
0,3,915
0,3,916
0,3,917
0,3,918
0,3,920
0,3,925
0,3,926
0,3,931
0,3,937
0,3,940
0,3,942
0,3,945
0,3,949
0,3,952
0,3,954
0,3,962
0,3,965
0,3,971
0,3,982
0,3,1008
0,3,1009
0,3,1011
0,3,1013
0,3,1021
0,3,1029
0,3,1030
0,3,1042
0,3,1048
0,3,1062
0,3,1065
0,3,1066
0,3,1067
0,3,1072
0,3,1074
0,3,1076
0,3,1088
0,3,1089
0,3,1097
0,3,1113
0,3,1114
0,3,1121
0,3,1122
0,3,1124
0,3,1127
0,3,1129
0,3,1136
0,3,1144
0,3,1150
0,3,1158
0,3,1163
0,3,1165
0,3,1168
0,3,1172
0,3,1181
0,3,1188
0,3,1193
0,3,1196
0,3,1197
0,3,1201
0,3,1208
0,3,1214
0,3,1230
0,3,1235
0,3,1238
0,3,1241
0,3,1244
0,3,1251
0,3,1252
0,4,13
0,4,14
0,4,15
0,4,23
0,4,26
0,4,32
0,4,36
0,4,44
0,4,46
0,4,50
0,4,53
0,4,54
0,4,55
0,4,57
0,4,70
0,4,72
0,4,76
0,4,84
0,4,86
0,4,92
0,4,96
0,4,98
0,4,99
0,4,101
0,4,102
0,4,103
0,4,107
0,4,108
0,4,109
0,4,110
0,4,111
0,4,113
0,4,121
0,4,122
0,4,138
0,4,143
0,4,146
0,4,147
0,4,151
0,4,153
0,4,165
0,4,168
0,4,173
0,4,177
0,4,179
0,4,180
0,4,192
0,4,195
0,4,196
0,4,202
0,4,203
0,4,205
0,4,211
0,4,216
0,4,218
0,4,223
0,4,228
0,4,229
0,4,247
0,4,250
0,4,252
0,4,257
0,4,261
0,4,266
0,4,272
0,4,276
0,4,279
0,4,281
0,4,287
0,4,291
0,4,298
0,4,303
0,4,308
0,4,313
0,4,323
0,4,327
0,4,331
0,4,336
0,4,339
0,4,340
0,4,347
0,4,358
0,4,363
0,4,367
0,4,370
0,4,371
0,4,373
0,4,375
0,4,385
0,4,386
0,4,393
0,4,401
0,4,403
0,4,411
0,4,416
0,4,430
0,4,435
0,4,443
0,4,444
0,4,445
0,4,449
0,4,454
0,4,456
0,4,457
0,4,465
0,4,470
0,4,475
0,4,480
0,4,484
0,4,486
0,4,487
0,4,489
0,4,497
0,4,518
0,4,519
0,4,520
0,4,522
0,4,524
0,4,539
0,4,540
0,4,542
0,4,548
0,4,549
0,4,553
0,4,566
0,4,568
0,4,591
0,4,592
0,4,593
0,4,601
0,4,605
0,4,606
0,4,608
0,4,610
0,4,619
0,4,620
0,4,622
0,4,623
0,4,626
0,4,636
0,4,645
0,4,646
0,4,656
0,4,673
0,4,677
0,4,704
0,4,710
0,4,716
0,4,721
0,4,736
0,4,738
0,4,742
0,4,756
0,4,760
0,4,761
0,4,768
0,4,778
0,4,780
0,4,795
0,4,799
0,4,805
0,4,811
0,4,813
0,4,817
0,4,821
0,4,823
0,4,832
0,4,852
0,4,856
0,4,864
0,4,865
0,4,868
0,4,869
0,4,876
0,4,883
0,4,887
0,4,891
0,4,896
0,4,900
0,4,902
0,4,905
0,4,909
0,4,911
0,4,914
0,4,919
0,4,922
0,4,927
0,4,928
0,4,936
0,4,939
0,4,948
0,4,950
0,4,956
0,4,959
0,4,960
0,4,966
0,4,979
0,4,992
0,4,993
0,4,994
0,4,997
0,4,998
0,4,999
0,4,1001
0,4,1017
0,4,1019
0,4,1020
0,4,1027
0,4,1028
0,4,1033
0,4,1034
0,4,1045
0,4,1052
0,4,1055
0,4,1056
0,4,1061
0,4,1075
0,4,1080
0,4,1081
0,4,1087
0,4,1090
0,4,1091
0,4,1096
0,4,1110
0,4,1118
0,4,1123
0,4,1130
0,4,1131
0,4,1134
0,4,1138
0,4,1149
0,4,1151
0,4,1153
0,4,1159
0,4,1171
0,4,1174
0,4,1176
0,4,1177
0,4,1184
0,4,1204
0,4,1207
0,4,1210
0,4,1215
0,4,1219
0,4,1220
0,4,1228
0,4,1243
0,4,1247
0,4,1248
0,4,1250
1,0,9
1,0,10
1,0,13
1,0,14
1,0,15
1,0,24
1,0,27
1,0,30
1,0,33
1,0,34
1,0,38
1,0,39
1,0,50
1,0,62
1,0,68
1,0,73
1,0,81
1,0,82
1,0,86
1,0,87
1,0,97
1,0,102
1,0,103
1,0,110
1,0,118
1,0,125
1,0,126
1,0,136
1,0,138
1,0,149
1,0,157
1,0,158
1,0,159
1,0,161
1,0,163
1,0,164
1,0,167
1,0,168
1,0,170
1,0,175
1,0,177
1,0,188
1,0,196
1,0,208
1,0,209
1,0,214
1,0,225
1,0,241
1,0,252
1,0,253
1,0,254
1,0,276
1,0,281
1,0,282
1,0,289
1,0,290
1,0,294
1,0,295
1,0,302
1,0,306
1,0,307
1,0,311
1,0,313
1,0,327
1,0,329
1,0,335
1,0,343
1,0,346
1,0,347
1,0,350
1,0,352
1,0,357
1,0,359
1,0,371
1,0,379
1,0,381
1,0,386
1,0,389
1,0,392
1,0,396
1,0,402
1,0,414
1,0,427
1,0,428
1,0,435
1,0,437
1,0,451
1,0,452
1,0,454
1,0,458
1,0,460
1,0,462
1,0,466
1,0,468
1,0,469
1,0,476
1,0,477
1,0,486
1,0,498
1,0,499
1,0,509
1,0,511
1,0,513
1,0,523
1,0,524
1,0,525
1,0,528
1,0,537
1,0,538
1,0,540
1,0,543
1,0,550
1,0,566
1,0,572
1,0,576
1,0,581
1,0,593
1,0,598
1,0,600
1,0,601
1,0,606
1,0,607
1,0,611
1,0,616
1,0,618
1,0,621
1,0,622
1,0,623
1,0,628
1,0,630
1,0,632
1,0,640
1,0,642
1,0,643
1,0,651
1,0,655
1,0,661
1,0,667
1,0,673
1,0,680
1,0,689
1,0,691
1,0,702
1,0,704
1,0,712
1,0,713
1,0,715
1,0,716
1,0,724
1,0,726
1,0,728
1,0,732
1,0,744
1,0,745
1,0,756
1,0,762
1,0,763
1,0,780
1,0,787
1,0,791
1,0,792
1,0,795
1,0,803
1,0,806
1,0,816
1,0,821
1,0,822
1,0,829
1,0,833
1,0,834
1,0,842
1,0,856
1,0,859
1,0,864
1,0,865
1,0,866
1,0,867
1,0,873
1,0,877
1,0,885
1,0,897
1,0,899
1,0,901
1,0,905
1,0,908
1,0,910
1,0,912
1,0,920
1,0,921
1,0,925
1,0,936
1,0,939
1,0,940
1,0,950
1,0,952
1,0,958
1,0,959
1,0,960
1,0,962
1,0,963
1,0,964
1,0,969
1,0,972
1,0,973
1,0,979
1,0,984
1,0,999
1,0,1000
1,0,1002
1,0,1005
1,0,1007
1,0,1010
1,0,1013
1,0,1015
1,0,1019
1,0,1022
1,0,1025
1,0,1028
1,0,1044
1,0,1048
1,0,1051
1,0,1076
1,0,1084
1,0,1090
1,0,1094
1,0,1096
1,0,1099
1,0,1110
1,0,1112
1,0,1113
1,0,1114
1,0,1116
1,0,1131
1,0,1157
1,0,1162
1,0,1167
1,0,1176
1,0,1187
1,0,1195
1,0,1199
1,0,1200
1,0,1209
1,0,1213
1,0,1218
1,0,1227
1,0,1231
1,0,1234
1,0,1235
1,0,1239
1,0,1244
1,0,1251
1,1,0
1,1,3
1,1,5
1,1,7
1,1,11
1,1,26
1,1,29
1,1,40
1,1,42
1,1,47
1,1,57
1,1,64
1,1,67
1,1,75
1,1,88
1,1,90
1,1,92
1,1,95
1,1,99
1,1,100
1,1,105
1,1,107
1,1,114
1,1,116
1,1,124
1,1,130
1,1,137
1,1,141
1,1,147
1,1,153
1,1,156
1,1,162
1,1,169
1,1,178
1,1,192
1,1,193
1,1,198
1,1,200
1,1,205
1,1,206
1,1,207
1,1,220
1,1,232
1,1,234
1,1,237
1,1,239
1,1,244
1,1,256
1,1,269
1,1,270
1,1,274
1,1,277
1,1,284
1,1,299
1,1,300
1,1,301
1,1,304
1,1,310
1,1,312
1,1,314
1,1,315
1,1,319
1,1,322
1,1,326
1,1,330
1,1,337
1,1,341
1,1,362
1,1,364
1,1,366
1,1,367
1,1,372
1,1,374
1,1,377
1,1,378
1,1,384
1,1,388
1,1,391
1,1,397
1,1,404
1,1,410
1,1,415
1,1,416
1,1,419
1,1,421
1,1,426
1,1,430
1,1,432
1,1,436
1,1,443
1,1,448
1,1,470
1,1,473
1,1,478
1,1,483
1,1,485
1,1,487
1,1,492
1,1,493
1,1,496
1,1,500
1,1,501
1,1,504
1,1,515
1,1,517
1,1,522
1,1,529
1,1,530
1,1,539
1,1,541
1,1,551
1,1,559
1,1,567
1,1,569
1,1,573
1,1,580
1,1,584
1,1,587
1,1,591
1,1,610
1,1,613
1,1,625
1,1,635
1,1,639
1,1,650
1,1,652
1,1,659
1,1,662
1,1,665
1,1,668
1,1,671
1,1,672
1,1,674
1,1,679
1,1,683
1,1,687
1,1,690
1,1,693
1,1,694
1,1,695
1,1,697
1,1,698
1,1,700
1,1,709
1,1,718
1,1,719
1,1,720
1,1,721
1,1,723
1,1,734
1,1,736
1,1,746
1,1,749
1,1,750
1,1,755
1,1,761
1,1,769
1,1,772
1,1,777
1,1,778
1,1,781
1,1,782
1,1,784
1,1,800
1,1,807
1,1,824
1,1,828
1,1,839
1,1,843
1,1,848
1,1,858
1,1,863
1,1,868
1,1,869
1,1,871
1,1,872
1,1,875
1,1,879
1,1,883
1,1,884
1,1,892
1,1,896
1,1,900
1,1,904
1,1,922
1,1,935
1,1,937
1,1,938
1,1,953
1,1,955
1,1,956
1,1,961
1,1,966
1,1,968
1,1,976
1,1,981
1,1,987
1,1,992
1,1,993
1,1,1003
1,1,1004
1,1,1008
1,1,1009
1,1,1011
1,1,1014
1,1,1023
1,1,1030
1,1,1031
1,1,1032
1,1,1035
1,1,1037
1,1,1038
1,1,1039
1,1,1043
1,1,1046
1,1,1053
1,1,1054
1,1,1056
1,1,1066
1,1,1067
1,1,1072
1,1,1091
1,1,1092
1,1,1093
1,1,1115
1,1,1120
1,1,1128
1,1,1132
1,1,1134
1,1,1139
1,1,1145
1,1,1153
1,1,1155
1,1,1158
1,1,1164
1,1,1165
1,1,1178
1,1,1180
1,1,1182
1,1,1188
1,1,1191
1,1,1192
1,1,1207
1,1,1214
1,1,1219
1,1,1228
1,1,1237
1,1,1245
1,1,1246
1,1,1247
1,1,1249
1,2,2
1,2,4
1,2,8
1,2,12
1,2,19
1,2,23
1,2,31
1,2,36
1,2,41
1,2,53
1,2,60
1,2,61
1,2,69
1,2,71
1,2,72
1,2,74
1,2,77
1,2,84
1,2,91
1,2,96
1,2,104
1,2,111
1,2,112
1,2,113
1,2,117
1,2,121
1,2,143
1,2,154
1,2,160
1,2,165
1,2,172
1,2,173
1,2,180
1,2,181
1,2,182
1,2,185
1,2,194
1,2,201
1,2,204
1,2,216
1,2,222
1,2,228
1,2,231
1,2,238
1,2,247
1,2,250
1,2,258
1,2,260
1,2,261
1,2,262
1,2,265
1,2,267
1,2,268
1,2,271
1,2,273
1,2,278
1,2,279
1,2,280
1,2,285
1,2,298
1,2,308
1,2,309
1,2,318
1,2,324
1,2,325
1,2,332
1,2,334
1,2,338
1,2,339
1,2,340
1,2,354
1,2,355
1,2,358
1,2,369
1,2,370
1,2,373
1,2,380
1,2,383
1,2,390
1,2,394
1,2,405
1,2,406
1,2,409
1,2,412
1,2,418
1,2,422
1,2,425
1,2,431
1,2,434
1,2,438
1,2,446
1,2,461
1,2,464
1,2,467
1,2,471
1,2,479
1,2,495
1,2,497
1,2,507
1,2,508
1,2,510
1,2,516
1,2,518
1,2,521
1,2,527
1,2,531
1,2,533
1,2,534
1,2,535
1,2,536
1,2,563
1,2,578
1,2,583
1,2,590
1,2,592
1,2,596
1,2,597
1,2,605
1,2,617
1,2,627
1,2,633
1,2,634
1,2,638
1,2,641
1,2,646
1,2,647
1,2,649
1,2,656
1,2,657
1,2,658
1,2,660
1,2,664
1,2,684
1,2,705
1,2,706
1,2,711
1,2,730
1,2,731
1,2,735
1,2,738
1,2,740
1,2,743
1,2,747
1,2,748
1,2,759
1,2,760
1,2,767
1,2,768
1,2,774
1,2,775
1,2,776
1,2,779
1,2,785
1,2,788
1,2,794
1,2,801
1,2,808
1,2,809
1,2,811
1,2,814
1,2,815
1,2,817
1,2,820
1,2,823
1,2,825
1,2,826
1,2,837
1,2,845
1,2,847
1,2,851
1,2,852
1,2,853
1,2,854
1,2,861
1,2,862
1,2,870
1,2,878
1,2,880
1,2,882
1,2,890
1,2,898
1,2,911
1,2,915
1,2,918
1,2,919
1,2,923
1,2,942
1,2,945
1,2,951
1,2,965
1,2,967
1,2,971
1,2,975
1,2,980
1,2,982
1,2,983
1,2,985
1,2,986
1,2,990
1,2,991
1,2,994
1,2,995
1,2,997
1,2,998
1,2,1006
1,2,1020
1,2,1033
1,2,1034
1,2,1041
1,2,1042
1,2,1055
1,2,1058
1,2,1059
1,2,1060
1,2,1061
1,2,1065
1,2,1074
1,2,1086
1,2,1087
1,2,1088
1,2,1095
1,2,1097
1,2,1117
1,2,1118
1,2,1124
1,2,1130
1,2,1137
1,2,1146
1,2,1147
1,2,1159
1,2,1160
1,2,1168
1,2,1169
1,2,1170
1,2,1175
1,2,1177
1,2,1179
1,2,1181
1,2,1186
1,2,1204
1,2,1208
1,2,1217
1,2,1221
1,2,1222
1,2,1225
1,2,1226
1,2,1230
1,2,1238
1,2,1242
1,2,1243
1,2,1250
1,3,1
1,3,16
1,3,18
1,3,20
1,3,44
1,3,48
1,3,51
1,3,52
1,3,54
1,3,55
1,3,59
1,3,76
1,3,78
1,3,80
1,3,83
1,3,101
1,3,106
1,3,108
1,3,109
1,3,115
1,3,122
1,3,123
1,3,129
1,3,131
1,3,132
1,3,135
1,3,139
1,3,142
1,3,145
1,3,148
1,3,151
1,3,152
1,3,171
1,3,176
1,3,179
1,3,195
1,3,197
1,3,202
1,3,210
1,3,211
1,3,212
1,3,217
1,3,218
1,3,219
1,3,221
1,3,224
1,3,226
1,3,227
1,3,233
1,3,245
1,3,246
1,3,248
1,3,251
1,3,255
1,3,264
1,3,266
1,3,272
1,3,275
1,3,283
1,3,286
1,3,328
1,3,331
1,3,333
1,3,342
1,3,344
1,3,349
1,3,353
1,3,360
1,3,361
1,3,363
1,3,365
1,3,368
1,3,387
1,3,393
1,3,395
1,3,398
1,3,399
1,3,400
1,3,403
1,3,407
1,3,408
1,3,413
1,3,420
1,3,423
1,3,429
1,3,439
1,3,440
1,3,441
1,3,442
1,3,444
1,3,450
1,3,453
1,3,455
1,3,456
1,3,459
1,3,463
1,3,472
1,3,480
1,3,482
1,3,484
1,3,489
1,3,494
1,3,503
1,3,506
1,3,514
1,3,519
1,3,526
1,3,544
1,3,546
1,3,548
1,3,549
1,3,553
1,3,555
1,3,560
1,3,562
1,3,571
1,3,582
1,3,586
1,3,588
1,3,589
1,3,594
1,3,602
1,3,604
1,3,609
1,3,612
1,3,614
1,3,615
1,3,619
1,3,620
1,3,637
1,3,644
1,3,648
1,3,653
1,3,654
1,3,663
1,3,666
1,3,676
1,3,677
1,3,682
1,3,686
1,3,696
1,3,703
1,3,707
1,3,714
1,3,717
1,3,722
1,3,727
1,3,733
1,3,754
1,3,757
1,3,758
1,3,764
1,3,765
1,3,770
1,3,773
1,3,789
1,3,790
1,3,798
1,3,802
1,3,805
1,3,810
1,3,812
1,3,818
1,3,827
1,3,830
1,3,831
1,3,836
1,3,841
1,3,844
1,3,846
1,3,849
1,3,850
1,3,857
1,3,886
1,3,887
1,3,888
1,3,889
1,3,893
1,3,894
1,3,902
1,3,906
1,3,907
1,3,909
1,3,924
1,3,926
1,3,927
1,3,930
1,3,943
1,3,944
1,3,946
1,3,954
1,3,957
1,3,974
1,3,977
1,3,978
1,3,989
1,3,996
1,3,1012
1,3,1016
1,3,1018
1,3,1021
1,3,1026
1,3,1036
1,3,1040
1,3,1049
1,3,1070
1,3,1071
1,3,1075
1,3,1077
1,3,1081
1,3,1089
1,3,1098
1,3,1100
1,3,1101
1,3,1102
1,3,1104
1,3,1105
1,3,1106
1,3,1109
1,3,1125
1,3,1126
1,3,1129
1,3,1133
1,3,1136
1,3,1143
1,3,1148
1,3,1151
1,3,1154
1,3,1156
1,3,1161
1,3,1166
1,3,1172
1,3,1173
1,3,1183
1,3,1185
1,3,1190
1,3,1196
1,3,1197
1,3,1202
1,3,1205
1,3,1210
1,3,1215
1,3,1216
1,3,1223
1,3,1224
1,3,1229
1,3,1233
1,3,1236
1,3,1248
1,3,1252
1,4,6
1,4,17
1,4,21
1,4,22
1,4,25
1,4,28
1,4,32
1,4,35
1,4,37
1,4,43
1,4,45
1,4,46
1,4,49
1,4,56
1,4,58
1,4,63
1,4,65
1,4,66
1,4,70
1,4,79
1,4,85
1,4,89
1,4,93
1,4,94
1,4,98
1,4,119
1,4,120
1,4,127
1,4,128
1,4,133
1,4,134
1,4,140
1,4,144
1,4,146
1,4,150
1,4,155
1,4,166
1,4,174
1,4,183
1,4,184
1,4,186
1,4,187
1,4,189
1,4,190
1,4,191
1,4,199
1,4,203
1,4,213
1,4,215
1,4,223
1,4,229
1,4,230
1,4,235
1,4,236
1,4,240
1,4,242
1,4,243
1,4,249
1,4,257
1,4,259
1,4,263
1,4,287
1,4,288
1,4,291
1,4,292
1,4,293
1,4,296
1,4,297
1,4,303
1,4,305
1,4,316
1,4,317
1,4,320
1,4,321
1,4,323
1,4,336
1,4,345
1,4,348
1,4,351
1,4,356
1,4,375
1,4,376
1,4,382
1,4,385
1,4,401
1,4,411
1,4,417
1,4,424
1,4,433
1,4,445
1,4,447
1,4,449
1,4,457
1,4,465
1,4,474
1,4,475
1,4,481
1,4,488
1,4,490
1,4,491
1,4,502
1,4,505
1,4,512
1,4,520
1,4,532
1,4,542
1,4,545
1,4,547
1,4,552
1,4,554
1,4,556
1,4,557
1,4,558
1,4,561
1,4,564
1,4,565
1,4,568
1,4,570
1,4,574
1,4,575
1,4,577
1,4,579
1,4,585
1,4,595
1,4,599
1,4,603
1,4,608
1,4,624
1,4,626
1,4,629
1,4,631
1,4,636
1,4,645
1,4,669
1,4,670
1,4,675
1,4,678
1,4,681
1,4,685
1,4,688
1,4,692
1,4,699
1,4,701
1,4,708
1,4,710
1,4,725
1,4,729
1,4,737
1,4,739
1,4,741
1,4,742
1,4,751
1,4,752
1,4,753
1,4,766
1,4,771
1,4,783
1,4,786
1,4,793
1,4,796
1,4,797
1,4,799
1,4,804
1,4,813
1,4,819
1,4,832
1,4,835
1,4,838
1,4,840
1,4,855
1,4,860
1,4,874
1,4,876
1,4,881
1,4,891
1,4,895
1,4,903
1,4,913
1,4,914
1,4,916
1,4,917
1,4,928
1,4,929
1,4,931
1,4,932
1,4,933
1,4,934
1,4,941
1,4,947
1,4,948
1,4,949
1,4,970
1,4,988
1,4,1001
1,4,1017
1,4,1024
1,4,1027
1,4,1029
1,4,1045
1,4,1047
1,4,1050
1,4,1052
1,4,1057
1,4,1062
1,4,1063
1,4,1064
1,4,1068
1,4,1069
1,4,1073
1,4,1078
1,4,1079
1,4,1080
1,4,1082
1,4,1083
1,4,1085
1,4,1103
1,4,1107
1,4,1108
1,4,1111
1,4,1119
1,4,1121
1,4,1122
1,4,1123
1,4,1127
1,4,1135
1,4,1138
1,4,1140
1,4,1141
1,4,1142
1,4,1144
1,4,1149
1,4,1150
1,4,1152
1,4,1163
1,4,1171
1,4,1174
1,4,1184
1,4,1189
1,4,1193
1,4,1194
1,4,1198
1,4,1201
1,4,1203
1,4,1206
1,4,1211
1,4,1212
1,4,1220
1,4,1232
1,4,1240
1,4,1241
2,0,2
2,0,15
2,0,26
2,0,34
2,0,40
2,0,54
2,0,63
2,0,68
2,0,70
2,0,72
2,0,73
2,0,75
2,0,93
2,0,95
2,0,97
2,0,102
2,0,103
2,0,113
2,0,115
2,0,117
2,0,119
2,0,121
2,0,123
2,0,124
2,0,126
2,0,151
2,0,153
2,0,156
2,0,160
2,0,164
2,0,168
2,0,174
2,0,177
2,0,183
2,0,186
2,0,193
2,0,194
2,0,203
2,0,204
2,0,207
2,0,220
2,0,221
2,0,228
2,0,235
2,0,252
2,0,259
2,0,269
2,0,270
2,0,271
2,0,272
2,0,278
2,0,296
2,0,302
2,0,307
2,0,323
2,0,327
2,0,345
2,0,352
2,0,358
2,0,375
2,0,378
2,0,380
2,0,386
2,0,390
2,0,393
2,0,395
2,0,397
2,0,403
2,0,404
2,0,410
2,0,421
2,0,424
2,0,425
2,0,427
2,0,429
2,0,436
2,0,437
2,0,452
2,0,455
2,0,456
2,0,459
2,0,464
2,0,467
2,0,469
2,0,472
2,0,475
2,0,491
2,0,495
2,0,498
2,0,500
2,0,503
2,0,504
2,0,505
2,0,512
2,0,515
2,0,523
2,0,525
2,0,537
2,0,538
2,0,541
2,0,545
2,0,547
2,0,551
2,0,563
2,0,568
2,0,577
2,0,581
2,0,584
2,0,587
2,0,603
2,0,605
2,0,614
2,0,617
2,0,618
2,0,620
2,0,622
2,0,623
2,0,629
2,0,630
2,0,632
2,0,636
2,0,638
2,0,639
2,0,640
2,0,655
2,0,665
2,0,672
2,0,676
2,0,681
2,0,689
2,0,693
2,0,696
2,0,700
2,0,701
2,0,702
2,0,708
2,0,711
2,0,720
2,0,721
2,0,730
2,0,733
2,0,742
2,0,750
2,0,752
2,0,765
2,0,767
2,0,768
2,0,772
2,0,776
2,0,779
2,0,783
2,0,790
2,0,794
2,0,796
2,0,807
2,0,816
2,0,817
2,0,820
2,0,827
2,0,833
2,0,848
2,0,855
2,0,861
2,0,862
2,0,864
2,0,865
2,0,868
2,0,874
2,0,884
2,0,885
2,0,886
2,0,892
2,0,895
2,0,902
2,0,903
2,0,918
2,0,919
2,0,924
2,0,926
2,0,933
2,0,935
2,0,943
2,0,950
2,0,951
2,0,963
2,0,964
2,0,971
2,0,975
2,0,989
2,0,995
2,0,996
2,0,1000
2,0,1013
2,0,1017
2,0,1018
2,0,1023
2,0,1038
2,0,1045
2,0,1047
2,0,1048
2,0,1049
2,0,1055
2,0,1063
2,0,1065
2,0,1067
2,0,1073
2,0,1076
2,0,1079
2,0,1082
2,0,1085
2,0,1087
2,0,1104
2,0,1107
2,0,1111
2,0,1113
2,0,1114
2,0,1119
2,0,1126
2,0,1136
2,0,1140
2,0,1141
2,0,1144
2,0,1150
2,0,1152
2,0,1153
2,0,1156
2,0,1159
2,0,1163
2,0,1167
2,0,1170
2,0,1172
2,0,1178
2,0,1180
2,0,1181
2,0,1183
2,0,1186
2,0,1196
2,0,1200
2,0,1204
2,0,1205
2,0,1216
2,0,1218
2,0,1225
2,0,1233
2,0,1234
2,0,1238
2,0,1241
2,0,1243
2,0,1247
2,0,1248
2,0,1252
2,1,7
2,1,24
2,1,32
2,1,33
2,1,41
2,1,42
2,1,46
2,1,48
2,1,53
2,1,60
2,1,61
2,1,62
2,1,81
2,1,85
2,1,89
2,1,96
2,1,105
2,1,106
2,1,107
2,1,111
2,1,122
2,1,125
2,1,128
2,1,130
2,1,143
2,1,146
2,1,150
2,1,155
2,1,171
2,1,173
2,1,179
2,1,181
2,1,184
2,1,185
2,1,188
2,1,190
2,1,197
2,1,202
2,1,205
2,1,208
2,1,209
2,1,211
2,1,216
2,1,222
2,1,230
2,1,231
2,1,234
2,1,238
2,1,239
2,1,242
2,1,243
2,1,245
2,1,248
2,1,249
2,1,250
2,1,256
2,1,258
2,1,264
2,1,275
2,1,276
2,1,290
2,1,291
2,1,295
2,1,299
2,1,303
2,1,305
2,1,319
2,1,324
2,1,329
2,1,341
2,1,347
2,1,350
2,1,359
2,1,365
2,1,368
2,1,369
2,1,377
2,1,379
2,1,381
2,1,392
2,1,396
2,1,409
2,1,411
2,1,418
2,1,434
2,1,441
2,1,442
2,1,444
2,1,447
2,1,453
2,1,462
2,1,471
2,1,474
2,1,476
2,1,477
2,1,478
2,1,479
2,1,480
2,1,489
2,1,492
2,1,501
2,1,502
2,1,513
2,1,517
2,1,528
2,1,531
2,1,532
2,1,535
2,1,536
2,1,550
2,1,552
2,1,553
2,1,555
2,1,556
2,1,566
2,1,571
2,1,582
2,1,589
2,1,601
2,1,602
2,1,606
2,1,615
2,1,626
2,1,641
2,1,642
2,1,647
2,1,653
2,1,658
2,1,667
2,1,673
2,1,680
2,1,684
2,1,692
2,1,706
2,1,707
2,1,715
2,1,725
2,1,726
2,1,727
2,1,735
2,1,739
2,1,741
2,1,743
2,1,746
2,1,751
2,1,753
2,1,754
2,1,758
2,1,763
2,1,777
2,1,784
2,1,802
2,1,810
2,1,812
2,1,818
2,1,825
2,1,832
2,1,838
2,1,839
2,1,844
2,1,850
2,1,852
2,1,859
2,1,860
2,1,863
2,1,866
2,1,869
2,1,875
2,1,878
2,1,879
2,1,888
2,1,897
2,1,898
2,1,899
2,1,901
2,1,910
2,1,913
2,1,920
2,1,921
2,1,930
2,1,932
2,1,937
2,1,940
2,1,947
2,1,955
2,1,961
2,1,962
2,1,973
2,1,978
2,1,987
2,1,990
2,1,991
2,1,992
2,1,1007
2,1,1014
2,1,1015
2,1,1016
2,1,1020
2,1,1025
2,1,1028
2,1,1031
2,1,1034
2,1,1039
2,1,1041
2,1,1052
2,1,1054
2,1,1058
2,1,1062
2,1,1066
2,1,1072
2,1,1088
2,1,1089
2,1,1090
2,1,1097
2,1,1098
2,1,1099
2,1,1103
2,1,1110
2,1,1115
2,1,1121
2,1,1127
2,1,1132
2,1,1139
2,1,1142
2,1,1143
2,1,1145
2,1,1149
2,1,1154
2,1,1164
2,1,1166
2,1,1171
2,1,1176
2,1,1182
2,1,1185
2,1,1195
2,1,1197
2,1,1198
2,1,1203
2,1,1208
2,1,1210
2,1,1211
2,1,1213
2,1,1215
2,1,1224
2,1,1226
2,1,1227
2,1,1228
2,1,1239
2,1,1244
2,1,1245
2,1,1251
2,2,0
2,2,3
2,2,9
2,2,17
2,2,22
2,2,23
2,2,29
2,2,39
2,2,43
2,2,44
2,2,45
2,2,50
2,2,59
2,2,69
2,2,74
2,2,77
2,2,90
2,2,94
2,2,98
2,2,101
2,2,104
2,2,116
2,2,131
2,2,133
2,2,135
2,2,136
2,2,138
2,2,142
2,2,144
2,2,145
2,2,157
2,2,162
2,2,165
2,2,166
2,2,170
2,2,175
2,2,180
2,2,187
2,2,199
2,2,201
2,2,212
2,2,214
2,2,218
2,2,225
2,2,227
2,2,229
2,2,233
2,2,237
2,2,241
2,2,246
2,2,247
2,2,251
2,2,255
2,2,257
2,2,260
2,2,261
2,2,262
2,2,268
2,2,279
2,2,282
2,2,289
2,2,294
2,2,298
2,2,311
2,2,315
2,2,316
2,2,317
2,2,332
2,2,334
2,2,340
2,2,344
2,2,346
2,2,348
2,2,356
2,2,357
2,2,360
2,2,366
2,2,367
2,2,370
2,2,373
2,2,383
2,2,387
2,2,389
2,2,399
2,2,405
2,2,407
2,2,408
2,2,415
2,2,416
2,2,431
2,2,432
2,2,438
2,2,449
2,2,450
2,2,454
2,2,463
2,2,466
2,2,468
2,2,473
2,2,482
2,2,483
2,2,484
2,2,485
2,2,487
2,2,508
2,2,514
2,2,519
2,2,522
2,2,540
2,2,543
2,2,544
2,2,554
2,2,557
2,2,567
2,2,569
2,2,570
2,2,573
2,2,576
2,2,580
2,2,583
2,2,592
2,2,594
2,2,595
2,2,596
2,2,597
2,2,604
2,2,609
2,2,619
2,2,621
2,2,627
2,2,631
2,2,634
2,2,644
2,2,645
2,2,646
2,2,651
2,2,652
2,2,657
2,2,659
2,2,674
2,2,677
2,2,682
2,2,683
2,2,685
2,2,687
2,2,688
2,2,698
2,2,728
2,2,734
2,2,737
2,2,740
2,2,745
2,2,747
2,2,755
2,2,756
2,2,764
2,2,771
2,2,775
2,2,782
2,2,786
2,2,787
2,2,791
2,2,792
2,2,793
2,2,798
2,2,804
2,2,808
2,2,813
2,2,823
2,2,824
2,2,826
2,2,830
2,2,840
2,2,842
2,2,843
2,2,847
2,2,853
2,2,854
2,2,856
2,2,871
2,2,881
2,2,883
2,2,894
2,2,906
2,2,907
2,2,928
2,2,931
2,2,934
2,2,938
2,2,941
2,2,942
2,2,944
2,2,956
2,2,957
2,2,958
2,2,965
2,2,967
2,2,972
2,2,976
2,2,980
2,2,984
2,2,993
2,2,994
2,2,998
2,2,1001
2,2,1004
2,2,1009
2,2,1012
2,2,1019
2,2,1022
2,2,1024
2,2,1040
2,2,1042
2,2,1046
2,2,1053
2,2,1056
2,2,1057
2,2,1059
2,2,1061
2,2,1069
2,2,1070
2,2,1080
2,2,1081
2,2,1092
2,2,1093
2,2,1096
2,2,1100
2,2,1101
2,2,1105
2,2,1118
2,2,1122
2,2,1128
2,2,1134
2,2,1135
2,2,1138
2,2,1148
2,2,1165
2,2,1174
2,2,1175
2,2,1177
2,2,1184
2,2,1187
2,2,1189
2,2,1191
2,2,1199
2,2,1207
2,2,1212
2,2,1229
2,2,1232
2,2,1237
2,2,1242
2,3,4
2,3,5
2,3,11
2,3,12
2,3,18
2,3,19
2,3,20
2,3,25
2,3,30
2,3,35
2,3,38
2,3,55
2,3,56
2,3,65
2,3,66
2,3,71
2,3,76
2,3,79
2,3,82
2,3,84
2,3,86
2,3,87
2,3,88
2,3,92
2,3,99
2,3,100
2,3,108
2,3,112
2,3,114
2,3,118
2,3,120
2,3,127
2,3,141
2,3,147
2,3,159
2,3,161
2,3,167
2,3,172
2,3,178
2,3,182
2,3,189
2,3,191
2,3,195
2,3,196
2,3,200
2,3,213
2,3,219
2,3,236
2,3,240
2,3,244
2,3,254
2,3,265
2,3,267
2,3,280
2,3,281
2,3,283
2,3,285
2,3,286
2,3,287
2,3,292
2,3,293
2,3,301
2,3,306
2,3,308
2,3,312
2,3,313
2,3,314
2,3,320
2,3,321
2,3,325
2,3,326
2,3,328
2,3,330
2,3,333
2,3,335
2,3,337
2,3,342
2,3,349
2,3,351
2,3,355
2,3,362
2,3,363
2,3,364
2,3,371
2,3,374
2,3,376
2,3,384
2,3,391
2,3,398
2,3,406
2,3,419
2,3,420
2,3,428
2,3,443
2,3,446
2,3,448
2,3,451
2,3,458
2,3,460
2,3,461
2,3,465
2,3,486
2,3,488
2,3,494
2,3,496
2,3,499
2,3,506
2,3,510
2,3,511
2,3,516
2,3,520
2,3,521
2,3,524
2,3,527
2,3,529
2,3,530
2,3,533
2,3,539
2,3,548
2,3,558
2,3,559
2,3,560
2,3,564
2,3,572
2,3,574
2,3,579
2,3,585
2,3,586
2,3,588
2,3,598
2,3,599
2,3,608
2,3,610
2,3,611
2,3,613
2,3,628
2,3,633
2,3,643
2,3,649
2,3,660
2,3,661
2,3,662
2,3,666
2,3,669
2,3,675
2,3,679
2,3,686
2,3,694
2,3,704
2,3,705
2,3,709
2,3,710
2,3,713
2,3,716
2,3,724
2,3,731
2,3,738
2,3,749
2,3,757
2,3,760
2,3,762
2,3,766
2,3,774
2,3,778
2,3,781
2,3,788
2,3,801
2,3,805
2,3,806
2,3,819
2,3,821
2,3,822
2,3,831
2,3,834
2,3,841
2,3,846
2,3,849
2,3,857
2,3,867
2,3,876
2,3,877
2,3,880
2,3,882
2,3,887
2,3,889
2,3,891
2,3,893
2,3,908
2,3,912
2,3,916
2,3,923
2,3,927
2,3,936
2,3,939
2,3,945
2,3,948
2,3,952
2,3,953
2,3,954
2,3,960
2,3,968
2,3,977
2,3,981
2,3,983
2,3,985
2,3,986
2,3,1003
2,3,1005
2,3,1008
2,3,1026
2,3,1029
2,3,1030
2,3,1032
2,3,1033
2,3,1044
2,3,1051
2,3,1071
2,3,1075
2,3,1077
2,3,1078
2,3,1091
2,3,1094
2,3,1095
2,3,1106
2,3,1112
2,3,1116
2,3,1117
2,3,1123
2,3,1124
2,3,1129
2,3,1130
2,3,1137
2,3,1146
2,3,1151
2,3,1157
2,3,1158
2,3,1160
2,3,1169
2,3,1173
2,3,1190
2,3,1194
2,3,1206
2,3,1214
2,3,1217
2,3,1219
2,3,1220
2,3,1223
2,3,1230
2,3,1231
2,3,1249
2,4,1
2,4,6
2,4,8
2,4,10
2,4,13
2,4,14
2,4,16
2,4,21
2,4,27
2,4,28
2,4,31
2,4,36
2,4,37
2,4,47
2,4,49
2,4,51
2,4,52
2,4,57
2,4,58
2,4,64
2,4,67
2,4,78
2,4,80
2,4,83
2,4,91
2,4,109
2,4,110
2,4,129
2,4,132
2,4,134
2,4,137
2,4,139
2,4,140
2,4,148
2,4,149
2,4,152
2,4,154
2,4,158
2,4,163
2,4,169
2,4,176
2,4,192
2,4,198
2,4,206
2,4,210
2,4,215
2,4,217
2,4,223
2,4,224
2,4,226
2,4,232
2,4,253
2,4,263
2,4,266
2,4,273
2,4,274
2,4,277
2,4,284
2,4,288
2,4,297
2,4,300
2,4,304
2,4,309
2,4,310
2,4,318
2,4,322
2,4,331
2,4,336
2,4,338
2,4,339
2,4,343
2,4,353
2,4,354
2,4,361
2,4,372
2,4,382
2,4,385
2,4,388
2,4,394
2,4,400
2,4,401
2,4,402
2,4,412
2,4,413
2,4,414
2,4,417
2,4,422
2,4,423
2,4,426
2,4,430
2,4,433
2,4,435
2,4,439
2,4,440
2,4,445
2,4,457
2,4,470
2,4,481
2,4,490
2,4,493
2,4,497
2,4,507
2,4,509
2,4,518
2,4,526
2,4,534
2,4,542
2,4,546
2,4,549
2,4,561
2,4,562
2,4,565
2,4,575
2,4,578
2,4,590
2,4,591
2,4,593
2,4,600
2,4,607
2,4,612
2,4,616
2,4,624
2,4,625
2,4,635
2,4,637
2,4,648
2,4,650
2,4,654
2,4,656
2,4,663
2,4,664
2,4,668
2,4,670
2,4,671
2,4,678
2,4,690
2,4,691
2,4,695
2,4,697
2,4,699
2,4,703
2,4,712
2,4,714
2,4,717
2,4,718
2,4,719
2,4,722
2,4,723
2,4,729
2,4,732
2,4,736
2,4,744
2,4,748
2,4,759
2,4,761
2,4,769
2,4,770
2,4,773
2,4,780
2,4,785
2,4,789
2,4,795
2,4,797
2,4,799
2,4,800
2,4,803
2,4,809
2,4,811
2,4,814
2,4,815
2,4,828
2,4,829
2,4,835
2,4,836
2,4,837
2,4,845
2,4,851
2,4,858
2,4,870
2,4,872
2,4,873
2,4,890
2,4,896
2,4,900
2,4,904
2,4,905
2,4,909
2,4,911
2,4,914
2,4,915
2,4,917
2,4,922
2,4,925
2,4,929
2,4,946
2,4,949
2,4,959
2,4,966
2,4,969
2,4,970
2,4,974
2,4,979
2,4,982
2,4,988
2,4,997
2,4,999
2,4,1002
2,4,1006
2,4,1010
2,4,1011
2,4,1021
2,4,1027
2,4,1035
2,4,1036
2,4,1037
2,4,1043
2,4,1050
2,4,1060
2,4,1064
2,4,1068
2,4,1074
2,4,1083
2,4,1084
2,4,1086
2,4,1102
2,4,1108
2,4,1109
2,4,1120
2,4,1125
2,4,1131
2,4,1133
2,4,1147
2,4,1155
2,4,1161
2,4,1162
2,4,1168
2,4,1179
2,4,1188
2,4,1192
2,4,1193
2,4,1201
2,4,1202
2,4,1209
2,4,1221
2,4,1222
2,4,1235
2,4,1236
2,4,1240
2,4,1246
2,4,1250
3,0,10
3,0,15
3,0,20
3,0,22
3,0,27
3,0,29
3,0,35
3,0,39
3,0,46
3,0,47
3,0,50
3,0,51
3,0,52
3,0,54
3,0,56
3,0,64
3,0,66
3,0,74
3,0,78
3,0,92
3,0,103
3,0,104
3,0,126
3,0,132
3,0,133
3,0,135
3,0,140
3,0,147
3,0,148
3,0,154
3,0,155
3,0,157
3,0,159
3,0,160
3,0,169
3,0,171
3,0,183
3,0,194
3,0,210
3,0,230
3,0,237
3,0,239
3,0,247
3,0,249
3,0,251
3,0,256
3,0,259
3,0,262
3,0,265
3,0,273
3,0,285
3,0,287
3,0,290
3,0,294
3,0,296
3,0,299
3,0,300
3,0,305
3,0,307
3,0,309
3,0,310
3,0,315
3,0,316
3,0,323
3,0,326
3,0,327
3,0,328
3,0,331
3,0,332
3,0,335
3,0,336
3,0,337
3,0,343
3,0,348
3,0,351
3,0,353
3,0,360
3,0,362
3,0,370
3,0,372
3,0,373
3,0,383
3,0,386
3,0,390
3,0,401
3,0,404
3,0,406
3,0,416
3,0,420
3,0,421
3,0,425
3,0,426
3,0,428
3,0,431
3,0,435
3,0,436
3,0,439
3,0,453
3,0,459
3,0,464
3,0,472
3,0,481
3,0,486
3,0,501
3,0,502
3,0,503
3,0,504
3,0,508
3,0,511
3,0,512
3,0,521
3,0,524
3,0,527
3,0,531
3,0,542
3,0,546
3,0,548
3,0,551
3,0,556
3,0,562
3,0,563
3,0,564
3,0,565
3,0,567
3,0,568
3,0,584
3,0,585
3,0,597
3,0,601
3,0,603
3,0,606
3,0,610
3,0,611
3,0,612
3,0,613
3,0,622
3,0,629
3,0,638
3,0,644
3,0,653
3,0,656
3,0,657
3,0,660
3,0,668
3,0,670
3,0,675
3,0,683
3,0,703
3,0,716
3,0,724
3,0,729
3,0,730
3,0,731
3,0,735
3,0,738
3,0,740
3,0,741
3,0,744
3,0,745
3,0,768
3,0,783
3,0,796
3,0,799
3,0,801
3,0,814
3,0,815
3,0,826
3,0,830
3,0,833
3,0,853
3,0,867
3,0,872
3,0,875
3,0,880
3,0,882
3,0,894
3,0,896
3,0,902
3,0,903
3,0,910
3,0,923
3,0,935
3,0,936
3,0,939
3,0,941
3,0,953
3,0,958
3,0,964
3,0,969
3,0,989
3,0,991
3,0,992
3,0,995
3,0,996
3,0,999
3,0,1001
3,0,1003
3,0,1012
3,0,1018
3,0,1019
3,0,1021
3,0,1024
3,0,1026
3,0,1030
3,0,1031
3,0,1041
3,0,1043
3,0,1046
3,0,1048
3,0,1052
3,0,1053
3,0,1055
3,0,1056
3,0,1058
3,0,1067
3,0,1068
3,0,1072
3,0,1090
3,0,1093
3,0,1095
3,0,1096
3,0,1103
3,0,1108
3,0,1115
3,0,1118
3,0,1121
3,0,1122
3,0,1126
3,0,1151
3,0,1156
3,0,1157
3,0,1159
3,0,1173
3,0,1178
3,0,1183
3,0,1184
3,0,1189
3,0,1192
3,0,1197
3,0,1199
3,0,1205
3,0,1209
3,0,1212
3,0,1220
3,0,1223
3,0,1224
3,0,1238
3,0,1241
3,0,1245
3,0,1247
3,0,1248
3,1,1
3,1,8
3,1,12
3,1,13
3,1,14
3,1,16
3,1,17
3,1,23
3,1,33
3,1,34
3,1,57
3,1,59
3,1,70
3,1,71
3,1,73
3,1,75
3,1,85
3,1,86
3,1,89
3,1,96
3,1,101
3,1,105
3,1,106
3,1,109
3,1,110
3,1,114
3,1,122
3,1,128
3,1,143
3,1,144
3,1,150
3,1,152
3,1,164
3,1,165
3,1,166
3,1,168
3,1,172
3,1,184
3,1,186
3,1,189
3,1,200
3,1,202
3,1,203
3,1,204
3,1,216
3,1,220
3,1,221
3,1,232
3,1,238
3,1,241
3,1,246
3,1,250
3,1,252
3,1,254
3,1,255
3,1,257
3,1,261
3,1,264
3,1,269
3,1,275
3,1,279
3,1,280
3,1,284
3,1,291
3,1,313
3,1,317
3,1,319
3,1,324
3,1,338
3,1,344
3,1,346
3,1,347
3,1,356
3,1,367
3,1,368
3,1,380
3,1,381
3,1,387
3,1,389
3,1,393
3,1,397
3,1,399
3,1,400
3,1,407
3,1,411
3,1,414
3,1,423
3,1,437
3,1,442
3,1,447
3,1,454
3,1,463
3,1,467
3,1,470
3,1,474
3,1,484
3,1,488
3,1,490
3,1,498
3,1,499
3,1,509
3,1,515
3,1,517
3,1,519
3,1,529
3,1,534
3,1,535
3,1,539
3,1,544
3,1,550
3,1,552
3,1,558
3,1,559
3,1,573
3,1,578
3,1,581
3,1,592
3,1,595
3,1,596
3,1,598
3,1,600
3,1,602
3,1,605
3,1,607
3,1,608
3,1,614
3,1,616
3,1,627
3,1,633
3,1,646
3,1,647
3,1,654
3,1,658
3,1,667
3,1,671
3,1,673
3,1,674
3,1,677
3,1,678
3,1,692
3,1,695
3,1,697
3,1,705
3,1,709
3,1,715
3,1,717
3,1,721
3,1,725
3,1,733
3,1,750
3,1,752
3,1,760
3,1,762
3,1,763
3,1,765
3,1,766
3,1,771
3,1,773
3,1,781
3,1,788
3,1,791
3,1,794
3,1,800
3,1,805
3,1,818
3,1,819
3,1,820
3,1,828
3,1,843
3,1,845
3,1,850
3,1,856
3,1,862
3,1,868
3,1,874
3,1,883
3,1,886
3,1,897
3,1,899
3,1,900
3,1,908
3,1,913
3,1,915
3,1,917
3,1,918
3,1,924
3,1,926
3,1,928
3,1,931
3,1,940
3,1,943
3,1,948
3,1,950
3,1,960
3,1,967
3,1,972
3,1,978
3,1,990
3,1,993
3,1,1002
3,1,1004
3,1,1005
3,1,1007
3,1,1009
3,1,1010
3,1,1011
3,1,1020
3,1,1023
3,1,1038
3,1,1045
3,1,1051
3,1,1054
3,1,1066
3,1,1075
3,1,1079
3,1,1080
3,1,1087
3,1,1089
3,1,1101
3,1,1110
3,1,1111
3,1,1113
3,1,1120
3,1,1123
3,1,1124
3,1,1131
3,1,1136
3,1,1139
3,1,1140
3,1,1141
3,1,1142
3,1,1149
3,1,1154
3,1,1163
3,1,1164
3,1,1167
3,1,1170
3,1,1171
3,1,1172
3,1,1174
3,1,1195
3,1,1200
3,1,1204
3,1,1218
3,1,1225
3,1,1230
3,1,1231
3,1,1240
3,1,1243
3,1,1249
3,1,1252
3,2,3
3,2,4
3,2,7
3,2,9
3,2,19
3,2,24
3,2,25
3,2,30
3,2,38
3,2,42
3,2,43
3,2,45
3,2,55
3,2,58
3,2,65
3,2,69
3,2,79
3,2,80
3,2,88
3,2,94
3,2,95
3,2,100
3,2,108
3,2,112
3,2,115
3,2,118
3,2,123
3,2,125
3,2,131
3,2,142
3,2,149
3,2,156
3,2,162
3,2,179
3,2,182
3,2,187
3,2,190
3,2,191
3,2,212
3,2,214
3,2,215
3,2,219
3,2,223
3,2,231
3,2,243
3,2,245
3,2,260
3,2,267
3,2,270
3,2,271
3,2,274
3,2,276
3,2,281
3,2,288
3,2,289
3,2,297
3,2,298
3,2,302
3,2,303
3,2,304
3,2,320
3,2,321
3,2,330
3,2,339
3,2,345
3,2,350
3,2,354
3,2,358
3,2,363
3,2,366
3,2,378
3,2,388
3,2,391
3,2,394
3,2,405
3,2,412
3,2,417
3,2,418
3,2,419
3,2,432
3,2,444
3,2,448
3,2,449
3,2,451
3,2,452
3,2,457
3,2,458
3,2,468
3,2,477
3,2,478
3,2,480
3,2,482
3,2,483
3,2,485
3,2,487
3,2,491
3,2,495
3,2,497
3,2,506
3,2,518
3,2,520
3,2,522
3,2,540
3,2,547
3,2,549
3,2,553
3,2,557
3,2,561
3,2,570
3,2,574
3,2,577
3,2,579
3,2,580
3,2,586
3,2,587
3,2,588
3,2,593
3,2,594
3,2,625
3,2,628
3,2,631
3,2,640
3,2,642
3,2,650
3,2,652
3,2,655
3,2,661
3,2,662
3,2,663
3,2,669
3,2,672
3,2,676
3,2,679
3,2,682
3,2,684
3,2,685
3,2,686
3,2,691
3,2,696
3,2,706
3,2,707
3,2,712
3,2,714
3,2,719
3,2,720
3,2,722
3,2,726
3,2,732
3,2,742
3,2,743
3,2,748
3,2,751
3,2,753
3,2,755
3,2,758
3,2,776
3,2,779
3,2,782
3,2,789
3,2,790
3,2,803
3,2,808
3,2,809
3,2,812
3,2,817
3,2,837
3,2,838
3,2,840
3,2,844
3,2,846
3,2,847
3,2,848
3,2,851
3,2,855
3,2,863
3,2,876
3,2,877
3,2,878
3,2,884
3,2,887
3,2,890
3,2,892
3,2,895
3,2,901
3,2,907
3,2,912
3,2,920
3,2,925
3,2,929
3,2,934
3,2,945
3,2,951
3,2,956
3,2,957
3,2,976
3,2,979
3,2,980
3,2,981
3,2,982
3,2,986
3,2,998
3,2,1000
3,2,1008
3,2,1013
3,2,1015
3,2,1025
3,2,1029
3,2,1035
3,2,1036
3,2,1040
3,2,1044
3,2,1060
3,2,1062
3,2,1063
3,2,1071
3,2,1073
3,2,1077
3,2,1081
3,2,1091
3,2,1105
3,2,1109
3,2,1112
3,2,1114
3,2,1116
3,2,1127
3,2,1130
3,2,1132
3,2,1133
3,2,1137
3,2,1143
3,2,1144
3,2,1145
3,2,1146
3,2,1147
3,2,1158
3,2,1161
3,2,1165
3,2,1177
3,2,1185
3,2,1186
3,2,1191
3,2,1210
3,2,1211
3,2,1214
3,2,1216
3,2,1226
3,2,1229
3,2,1233
3,2,1235
3,2,1236
3,2,1251
3,3,2
3,3,5
3,3,21
3,3,26
3,3,37
3,3,44
3,3,48
3,3,61
3,3,63
3,3,72
3,3,76
3,3,77
3,3,81
3,3,82
3,3,83
3,3,84
3,3,87
3,3,91
3,3,93
3,3,98
3,3,99
3,3,102
3,3,111
3,3,113
3,3,117
3,3,119
3,3,120
3,3,127
3,3,129
3,3,130
3,3,136
3,3,138
3,3,139
3,3,141
3,3,145
3,3,158
3,3,161
3,3,167
3,3,175
3,3,177
3,3,181
3,3,185
3,3,197
3,3,198
3,3,199
3,3,205
3,3,207
3,3,209
3,3,211
3,3,213
3,3,226
3,3,234
3,3,235
3,3,236
3,3,240
3,3,242
3,3,244
3,3,282
3,3,286
3,3,292
3,3,295
3,3,306
3,3,308
3,3,311
3,3,312
3,3,333
3,3,334
3,3,340
3,3,341
3,3,342
3,3,352
3,3,355
3,3,365
3,3,371
3,3,375
3,3,377
3,3,382
3,3,384
3,3,395
3,3,398
3,3,402
3,3,409
3,3,410
3,3,413
3,3,415
3,3,422
3,3,424
3,3,430
3,3,438
3,3,440
3,3,445
3,3,446
3,3,450
3,3,460
3,3,462
3,3,466
3,3,469
3,3,476
3,3,489
3,3,492
3,3,500
3,3,505
3,3,507
3,3,513
3,3,523
3,3,526
3,3,528
3,3,530
3,3,532
3,3,538
3,3,541
3,3,545
3,3,554
3,3,555
3,3,560
3,3,566
3,3,571
3,3,590
3,3,591
3,3,609
3,3,618
3,3,619
3,3,621
3,3,623
3,3,624
3,3,632
3,3,635
3,3,641
3,3,649
3,3,659
3,3,687
3,3,688
3,3,693
3,3,694
3,3,698
3,3,701
3,3,702
3,3,708
3,3,710
3,3,711
3,3,713
3,3,718
3,3,723
3,3,728
3,3,737
3,3,747
3,3,756
3,3,759
3,3,770
3,3,774
3,3,775
3,3,777
3,3,778
3,3,787
3,3,793
3,3,795
3,3,797
3,3,802
3,3,806
3,3,813
3,3,816
3,3,821
3,3,825
3,3,829
3,3,831
3,3,834
3,3,842
3,3,849
3,3,852
3,3,857
3,3,858
3,3,859
3,3,861
3,3,864
3,3,865
3,3,869
3,3,870
3,3,873
3,3,891
3,3,898
3,3,905
3,3,906
3,3,911
3,3,914
3,3,916
3,3,919
3,3,922
3,3,932
3,3,937
3,3,963
3,3,965
3,3,973
3,3,974
3,3,977
3,3,985
3,3,988
3,3,994
3,3,997
3,3,1006
3,3,1014
3,3,1016
3,3,1022
3,3,1032
3,3,1034
3,3,1047
3,3,1049
3,3,1057
3,3,1059
3,3,1065
3,3,1069
3,3,1082
3,3,1083
3,3,1085
3,3,1086
3,3,1092
3,3,1098
3,3,1102
3,3,1104
3,3,1106
3,3,1107
3,3,1119
3,3,1128
3,3,1150
3,3,1153
3,3,1155
3,3,1160
3,3,1179
3,3,1180
3,3,1181
3,3,1182
3,3,1188
3,3,1194
3,3,1196
3,3,1198
3,3,1202
3,3,1206
3,3,1207
3,3,1208
3,3,1213
3,3,1219
3,3,1221
3,3,1227
3,3,1228
3,3,1232
3,3,1234
3,3,1237
3,3,1239
3,3,1242
3,3,1244
3,3,1246
3,4,0
3,4,6
3,4,11
3,4,18
3,4,28
3,4,31
3,4,32
3,4,36
3,4,40
3,4,41
3,4,49
3,4,53
3,4,60
3,4,62
3,4,67
3,4,68
3,4,90
3,4,97
3,4,107
3,4,116
3,4,121
3,4,124
3,4,134
3,4,137
3,4,146
3,4,151
3,4,153
3,4,163
3,4,170
3,4,173
3,4,174
3,4,176
3,4,178
3,4,180
3,4,188
3,4,192
3,4,193
3,4,195
3,4,196
3,4,201
3,4,206
3,4,208
3,4,217
3,4,218
3,4,222
3,4,224
3,4,225
3,4,227
3,4,228
3,4,229
3,4,233
3,4,248
3,4,253
3,4,258
3,4,263
3,4,266
3,4,268
3,4,272
3,4,277
3,4,278
3,4,283
3,4,293
3,4,301
3,4,314
3,4,318
3,4,322
3,4,325
3,4,329
3,4,349
3,4,357
3,4,359
3,4,361
3,4,364
3,4,369
3,4,374
3,4,376
3,4,379
3,4,385
3,4,392
3,4,396
3,4,403
3,4,408
3,4,427
3,4,429
3,4,433
3,4,434
3,4,441
3,4,443
3,4,455
3,4,456
3,4,461
3,4,465
3,4,471
3,4,473
3,4,475
3,4,479
3,4,493
3,4,494
3,4,496
3,4,510
3,4,514
3,4,516
3,4,525
3,4,533
3,4,536
3,4,537
3,4,543
3,4,569
3,4,572
3,4,575
3,4,576
3,4,582
3,4,583
3,4,589
3,4,599
3,4,604
3,4,615
3,4,617
3,4,620
3,4,626
3,4,630
3,4,634
3,4,636
3,4,637
3,4,639
3,4,643
3,4,645
3,4,648
3,4,651
3,4,664
3,4,665
3,4,666
3,4,680
3,4,681
3,4,689
3,4,690
3,4,699
3,4,700
3,4,704
3,4,727
3,4,734
3,4,736
3,4,739
3,4,746
3,4,749
3,4,754
3,4,757
3,4,761
3,4,764
3,4,767
3,4,769
3,4,772
3,4,780
3,4,784
3,4,785
3,4,786
3,4,792
3,4,798
3,4,804
3,4,807
3,4,810
3,4,811
3,4,822
3,4,823
3,4,824
3,4,827
3,4,832
3,4,835
3,4,836
3,4,839
3,4,841
3,4,854
3,4,860
3,4,866
3,4,871
3,4,879
3,4,881
3,4,885
3,4,888
3,4,889
3,4,893
3,4,904
3,4,909
3,4,921
3,4,927
3,4,930
3,4,933
3,4,938
3,4,942
3,4,944
3,4,946
3,4,947
3,4,949
3,4,952
3,4,954
3,4,955
3,4,959
3,4,961
3,4,962
3,4,966
3,4,968
3,4,970
3,4,971
3,4,975
3,4,983
3,4,984
3,4,987
3,4,1017
3,4,1027
3,4,1028
3,4,1033
3,4,1037
3,4,1039
3,4,1042
3,4,1050
3,4,1061
3,4,1064
3,4,1070
3,4,1074
3,4,1076
3,4,1078
3,4,1084
3,4,1088
3,4,1094
3,4,1097
3,4,1099
3,4,1100
3,4,1117
3,4,1125
3,4,1129
3,4,1134
3,4,1135
3,4,1138
3,4,1148
3,4,1152
3,4,1162
3,4,1166
3,4,1168
3,4,1169
3,4,1175
3,4,1176
3,4,1187
3,4,1190
3,4,1193
3,4,1201
3,4,1203
3,4,1215
3,4,1217
3,4,1222
3,4,1250
4,0,1
4,0,4
4,0,7
4,0,10
4,0,19
4,0,31
4,0,35
4,0,39
4,0,42
4,0,46
4,0,47
4,0,49
4,0,50
4,0,60
4,0,66
4,0,67
4,0,69
4,0,76
4,0,89
4,0,94
4,0,97
4,0,98
4,0,99
4,0,100
4,0,109
4,0,111
4,0,117
4,0,124
4,0,125
4,0,128
4,0,133
4,0,138
4,0,143
4,0,155
4,0,160
4,0,165
4,0,173
4,0,174
4,0,177
4,0,186
4,0,187
4,0,189
4,0,201
4,0,205
4,0,208
4,0,210
4,0,223
4,0,231
4,0,238
4,0,261
4,0,273
4,0,279
4,0,281
4,0,284
4,0,288
4,0,291
4,0,296
4,0,300
4,0,301
4,0,304
4,0,308
4,0,313
4,0,317
4,0,328
4,0,331
4,0,332
4,0,336
4,0,341
4,0,347
4,0,349
4,0,356
4,0,365
4,0,373
4,0,377
4,0,381
4,0,386
4,0,395
4,0,397
4,0,405
4,0,408
4,0,412
4,0,418
4,0,420
4,0,427
4,0,431
4,0,433
4,0,435
4,0,438
4,0,442
4,0,443
4,0,444
4,0,456
4,0,461
4,0,463
4,0,468
4,0,471
4,0,474
4,0,479
4,0,489
4,0,491
4,0,493
4,0,496
4,0,497
4,0,501
4,0,531
4,0,537
4,0,542
4,0,552
4,0,556
4,0,558
4,0,560
4,0,568
4,0,574
4,0,576
4,0,579
4,0,581
4,0,582
4,0,595
4,0,596
4,0,600
4,0,614
4,0,619
4,0,620
4,0,630
4,0,631
4,0,635
4,0,642
4,0,644
4,0,646
4,0,656
4,0,660
4,0,667
4,0,675
4,0,680
4,0,689
4,0,705
4,0,711
4,0,717
4,0,720
4,0,721
4,0,730
4,0,731
4,0,734
4,0,742
4,0,743
4,0,744
4,0,750
4,0,757
4,0,773
4,0,774
4,0,782
4,0,787
4,0,789
4,0,790
4,0,803
4,0,804
4,0,807
4,0,812
4,0,814
4,0,821
4,0,830
4,0,835
4,0,839
4,0,845
4,0,853
4,0,856
4,0,865
4,0,875
4,0,876
4,0,877
4,0,887
4,0,891
4,0,895
4,0,902
4,0,903
4,0,906
4,0,907
4,0,914
4,0,916
4,0,917
4,0,918
4,0,937
4,0,943
4,0,944
4,0,947
4,0,950
4,0,954
4,0,957
4,0,964
4,0,966
4,0,967
4,0,975
4,0,980
4,0,984
4,0,988
4,0,989
4,0,991
4,0,993
4,0,995
4,0,997
4,0,1002
4,0,1010
4,0,1011
4,0,1017
4,0,1024
4,0,1025
4,0,1028
4,0,1031
4,0,1033
4,0,1062
4,0,1063
4,0,1069
4,0,1078
4,0,1079
4,0,1080
4,0,1082
4,0,1083
4,0,1084
4,0,1098
4,0,1100
4,0,1111
4,0,1118
4,0,1119
4,0,1123
4,0,1135
4,0,1142
4,0,1144
4,0,1147
4,0,1164
4,0,1165
4,0,1168
4,0,1169
4,0,1173
4,0,1175
4,0,1183
4,0,1185
4,0,1191
4,0,1193
4,0,1204
4,0,1216
4,0,1222
4,0,1229
4,0,1231
4,0,1232
4,0,1233
4,0,1234
4,0,1241
4,0,1242
4,0,1244
4,0,1249
4,0,1252
4,1,5
4,1,11
4,1,20
4,1,24
4,1,33
4,1,34
4,1,40
4,1,44
4,1,48
4,1,55
4,1,62
4,1,73
4,1,86
4,1,90
4,1,92
4,1,93
4,1,102
4,1,103
4,1,105
4,1,112
4,1,113
4,1,119
4,1,127
4,1,129
4,1,130
4,1,132
4,1,134
4,1,137
4,1,142
4,1,147
4,1,149
4,1,150
4,1,153
4,1,159
4,1,163
4,1,164
4,1,168
4,1,169
4,1,171
4,1,175
4,1,179
4,1,185
4,1,188
4,1,194
4,1,196
4,1,202
4,1,204
4,1,222
4,1,224
4,1,225
4,1,227
4,1,232
4,1,240
4,1,241
4,1,243
4,1,245
4,1,247
4,1,248
4,1,251
4,1,256
4,1,258
4,1,259
4,1,263
4,1,265
4,1,268
4,1,271
4,1,278
4,1,280
4,1,290
4,1,314
4,1,320
4,1,323
4,1,334
4,1,337
4,1,343
4,1,358
4,1,362
4,1,364
4,1,367
4,1,369
4,1,370
4,1,372
4,1,379
4,1,382
4,1,384
4,1,388
4,1,389
4,1,394
4,1,406
4,1,409
4,1,415
4,1,417
4,1,423
4,1,426
4,1,430
4,1,439
4,1,446
4,1,448
4,1,449
4,1,453
4,1,473
4,1,477
4,1,480
4,1,499
4,1,500
4,1,511
4,1,514
4,1,520
4,1,529
4,1,533
4,1,534
4,1,538
4,1,549
4,1,550
4,1,554
4,1,557
4,1,569
4,1,570
4,1,583
4,1,584
4,1,587
4,1,588
4,1,589
4,1,590
4,1,592
4,1,599
4,1,602
4,1,603
4,1,608
4,1,613
4,1,615
4,1,618
4,1,621
4,1,623
4,1,625
4,1,632
4,1,657
4,1,661
4,1,674
4,1,676
4,1,693
4,1,695
4,1,696
4,1,709
4,1,712
4,1,713
4,1,714
4,1,715
4,1,716
4,1,737
4,1,740
4,1,746
4,1,751
4,1,752
4,1,755
4,1,756
4,1,762
4,1,770
4,1,775
4,1,784
4,1,788
4,1,791
4,1,792
4,1,794
4,1,797
4,1,798
4,1,815
4,1,816
4,1,819
4,1,820
4,1,822
4,1,828
4,1,831
4,1,833
4,1,834
4,1,836
4,1,837
4,1,838
4,1,844
4,1,847
4,1,848
4,1,851
4,1,858
4,1,860
4,1,867
4,1,868
4,1,878
4,1,881
4,1,883
4,1,889
4,1,905
4,1,908
4,1,912
4,1,915
4,1,925
4,1,936
4,1,948
4,1,953
4,1,956
4,1,968
4,1,976
4,1,977
4,1,981
4,1,982
4,1,985
4,1,998
4,1,1000
4,1,1018
4,1,1021
4,1,1023
4,1,1035
4,1,1040
4,1,1041
4,1,1048
4,1,1051
4,1,1053
4,1,1070
4,1,1071
4,1,1073
4,1,1076
4,1,1081
4,1,1087
4,1,1097
4,1,1099
4,1,1104
4,1,1108
4,1,1121
4,1,1122
4,1,1124
4,1,1125
4,1,1131
4,1,1137
4,1,1141
4,1,1143
4,1,1155
4,1,1160
4,1,1172
4,1,1188
4,1,1195
4,1,1200
4,1,1202
4,1,1210
4,1,1211
4,1,1212
4,1,1214
4,1,1221
4,1,1224
4,1,1227
4,1,1240
4,1,1246
4,1,1250
4,2,0
4,2,2
4,2,8
4,2,9
4,2,12
4,2,13
4,2,21
4,2,22
4,2,23
4,2,25
4,2,26
4,2,30
4,2,36
4,2,37
4,2,53
4,2,58
4,2,61
4,2,68
4,2,70
4,2,72
4,2,75
4,2,79
4,2,83
4,2,84
4,2,87
4,2,88
4,2,95
4,2,114
4,2,126
4,2,136
4,2,139
4,2,140
4,2,146
4,2,157
4,2,162
4,2,170
4,2,207
4,2,216
4,2,221
4,2,233
4,2,236
4,2,237
4,2,244
4,2,253
4,2,257
4,2,262
4,2,264
4,2,269
4,2,275
4,2,277
4,2,282
4,2,283
4,2,285
4,2,292
4,2,297
4,2,302
4,2,310
4,2,318
4,2,319
4,2,321
4,2,324
4,2,327
4,2,329
4,2,330
4,2,344
4,2,345
4,2,360
4,2,361
4,2,366
4,2,368
4,2,374
4,2,375
4,2,380
4,2,390
4,2,392
4,2,396
4,2,398
4,2,399
4,2,401
4,2,402
4,2,403
4,2,404
4,2,410
4,2,411
4,2,413
4,2,416
4,2,419
4,2,422
4,2,432
4,2,436
4,2,440
4,2,441
4,2,454
4,2,466
4,2,470
4,2,475
4,2,476
4,2,478
4,2,483
4,2,485
4,2,492
4,2,494
4,2,502
4,2,504
4,2,506
4,2,508
4,2,512
4,2,513
4,2,516
4,2,517
4,2,519
4,2,522
4,2,524
4,2,526
4,2,527
4,2,528
4,2,536
4,2,539
4,2,540
4,2,541
4,2,545
4,2,547
4,2,561
4,2,565
4,2,566
4,2,567
4,2,575
4,2,591
4,2,593
4,2,606
4,2,611
4,2,617
4,2,624
4,2,627
4,2,633
4,2,634
4,2,640
4,2,641
4,2,643
4,2,645
4,2,649
4,2,652
4,2,653
4,2,662
4,2,663
4,2,668
4,2,669
4,2,686
4,2,687
4,2,688
4,2,692
4,2,699
4,2,701
4,2,703
4,2,707
4,2,724
4,2,728
4,2,733
4,2,739
4,2,745
4,2,754
4,2,765
4,2,780
4,2,781
4,2,785
4,2,786
4,2,796
4,2,801
4,2,805
4,2,811
4,2,817
4,2,823
4,2,832
4,2,849
4,2,859
4,2,862
4,2,864
4,2,866
4,2,869
4,2,871
4,2,894
4,2,897
4,2,899
4,2,900
4,2,901
4,2,913
4,2,924
4,2,928
4,2,929
4,2,934
4,2,940
4,2,942
4,2,946
4,2,951
4,2,959
4,2,960
4,2,965
4,2,969
4,2,972
4,2,979
4,2,986
4,2,1001
4,2,1003
4,2,1005
4,2,1007
4,2,1009
4,2,1012
4,2,1014
4,2,1022
4,2,1029
4,2,1030
4,2,1039
4,2,1049
4,2,1055
4,2,1056
4,2,1061
4,2,1072
4,2,1074
4,2,1088
4,2,1092
4,2,1093
4,2,1094
4,2,1107
4,2,1109
4,2,1110
4,2,1116
4,2,1120
4,2,1127
4,2,1128
4,2,1130
4,2,1134
4,2,1138
4,2,1139
4,2,1146
4,2,1148
4,2,1149
4,2,1152
4,2,1153
4,2,1156
4,2,1157
4,2,1158
4,2,1163
4,2,1174
4,2,1178
4,2,1186
4,2,1198
4,2,1199
4,2,1203
4,2,1225
4,2,1226
4,2,1235
4,3,6
4,3,14
4,3,16
4,3,28
4,3,29
4,3,32
4,3,41
4,3,43
4,3,45
4,3,59
4,3,63
4,3,71
4,3,74
4,3,80
4,3,81
4,3,85
4,3,91
4,3,96
4,3,104
4,3,106
4,3,116
4,3,118
4,3,122
4,3,123
4,3,131
4,3,144
4,3,148
4,3,151
4,3,161
4,3,172
4,3,182
4,3,183
4,3,190
4,3,199
4,3,200
4,3,209
4,3,211
4,3,213
4,3,215
4,3,218
4,3,229
4,3,230
4,3,234
4,3,239
4,3,249
4,3,252
4,3,254
4,3,266
4,3,286
4,3,294
4,3,298
4,3,306
4,3,307
4,3,309
4,3,312
4,3,315
4,3,322
4,3,325
4,3,335
4,3,339
4,3,340
4,3,342
4,3,371
4,3,376
4,3,378
4,3,385
4,3,387
4,3,400
4,3,407
4,3,425
4,3,428
4,3,434
4,3,437
4,3,447
4,3,450
4,3,455
4,3,457
4,3,464
4,3,467
4,3,469
4,3,482
4,3,486
4,3,487
4,3,488
4,3,495
4,3,503
4,3,507
4,3,510
4,3,515
4,3,525
4,3,532
4,3,535
4,3,543
4,3,546
4,3,551
4,3,553
4,3,572
4,3,573
4,3,577
4,3,578
4,3,585
4,3,586
4,3,594
4,3,601
4,3,605
4,3,607
4,3,609
4,3,610
4,3,612
4,3,616
4,3,622
4,3,626
4,3,628
4,3,629
4,3,637
4,3,639
4,3,650
4,3,651
4,3,655
4,3,658
4,3,664
4,3,672
4,3,678
4,3,679
4,3,681
4,3,683
4,3,690
4,3,691
4,3,698
4,3,700
4,3,704
4,3,706
4,3,708
4,3,719
4,3,722
4,3,725
4,3,726
4,3,735
4,3,736
4,3,738
4,3,741
4,3,747
4,3,748
4,3,749
4,3,753
4,3,759
4,3,760
4,3,761
4,3,769
4,3,771
4,3,776
4,3,777
4,3,799
4,3,806
4,3,810
4,3,813
4,3,818
4,3,826
4,3,827
4,3,829
4,3,852
4,3,854
4,3,855
4,3,861
4,3,870
4,3,872
4,3,874
4,3,880
4,3,882
4,3,890
4,3,892
4,3,893
4,3,898
4,3,904
4,3,909
4,3,911
4,3,919
4,3,920
4,3,926
4,3,927
4,3,930
4,3,935
4,3,939
4,3,941
4,3,945
4,3,952
4,3,955
4,3,961
4,3,963
4,3,970
4,3,971
4,3,973
4,3,974
4,3,987
4,3,990
4,3,992
4,3,994
4,3,996
4,3,999
4,3,1004
4,3,1006
4,3,1013
4,3,1015
4,3,1019
4,3,1020
4,3,1026
4,3,1027
4,3,1036
4,3,1038
4,3,1043
4,3,1044
4,3,1045
4,3,1046
4,3,1050
4,3,1054
4,3,1057
4,3,1058
4,3,1068
4,3,1075
4,3,1086
4,3,1102
4,3,1106
4,3,1114
4,3,1117
4,3,1126
4,3,1133
4,3,1151
4,3,1154
4,3,1159
4,3,1161
4,3,1162
4,3,1167
4,3,1170
4,3,1177
4,3,1179
4,3,1180
4,3,1181
4,3,1189
4,3,1190
4,3,1197
4,3,1205
4,3,1219
4,3,1220
4,3,1223
4,3,1230
4,3,1236
4,3,1239
4,3,1243
4,3,1245
4,3,1247
4,4,3
4,4,15
4,4,17
4,4,18
4,4,27
4,4,38
4,4,51
4,4,52
4,4,54
4,4,56
4,4,57
4,4,64
4,4,65
4,4,77
4,4,78
4,4,82
4,4,101
4,4,107
4,4,108
4,4,110
4,4,115
4,4,120
4,4,121
4,4,135
4,4,141
4,4,145
4,4,152
4,4,154
4,4,156
4,4,158
4,4,166
4,4,167
4,4,176
4,4,178
4,4,180
4,4,181
4,4,184
4,4,191
4,4,192
4,4,193
4,4,195
4,4,197
4,4,198
4,4,203
4,4,206
4,4,212
4,4,214
4,4,217
4,4,219
4,4,220
4,4,226
4,4,228
4,4,235
4,4,242
4,4,246
4,4,250
4,4,255
4,4,260
4,4,267
4,4,270
4,4,272
4,4,274
4,4,276
4,4,287
4,4,289
4,4,293
4,4,295
4,4,299
4,4,303
4,4,305
4,4,311
4,4,316
4,4,326
4,4,333
4,4,338
4,4,346
4,4,348
4,4,350
4,4,351
4,4,352
4,4,353
4,4,354
4,4,355
4,4,357
4,4,359
4,4,363
4,4,383
4,4,391
4,4,393
4,4,414
4,4,421
4,4,424
4,4,429
4,4,445
4,4,451
4,4,452
4,4,458
4,4,459
4,4,460
4,4,462
4,4,465
4,4,472
4,4,481
4,4,484
4,4,490
4,4,498
4,4,505
4,4,509
4,4,518
4,4,521
4,4,523
4,4,530
4,4,544
4,4,548
4,4,555
4,4,559
4,4,562
4,4,563
4,4,564
4,4,571
4,4,580
4,4,597
4,4,598
4,4,604
4,4,636
4,4,638
4,4,647
4,4,648
4,4,654
4,4,659
4,4,665
4,4,666
4,4,670
4,4,671
4,4,673
4,4,677
4,4,682
4,4,684
4,4,685
4,4,694
4,4,697
4,4,702
4,4,710
4,4,718
4,4,723
4,4,727
4,4,729
4,4,732
4,4,758
4,4,763
4,4,764
4,4,766
4,4,767
4,4,768
4,4,772
4,4,778
4,4,779
4,4,783
4,4,793
4,4,795
4,4,800
4,4,802
4,4,808
4,4,809
4,4,824
4,4,825
4,4,840
4,4,841
4,4,842
4,4,843
4,4,846
4,4,850
4,4,857
4,4,863
4,4,873
4,4,879
4,4,884
4,4,885
4,4,886
4,4,888
4,4,896
4,4,910
4,4,921
4,4,922
4,4,923
4,4,931
4,4,932
4,4,933
4,4,938
4,4,949
4,4,958
4,4,962
4,4,978
4,4,983
4,4,1008
4,4,1016
4,4,1032
4,4,1034
4,4,1037
4,4,1042
4,4,1047
4,4,1052
4,4,1059
4,4,1060
4,4,1064
4,4,1065
4,4,1066
4,4,1067
4,4,1077
4,4,1085
4,4,1089
4,4,1090
4,4,1091
4,4,1095
4,4,1096
4,4,1101
4,4,1103
4,4,1105
4,4,1112
4,4,1113
4,4,1115
4,4,1129
4,4,1132
4,4,1136
4,4,1140
4,4,1145
4,4,1150
4,4,1166
4,4,1171
4,4,1176
4,4,1182
4,4,1184
4,4,1187
4,4,1192
4,4,1194
4,4,1196
4,4,1201
4,4,1206
4,4,1207
4,4,1208
4,4,1209
4,4,1213
4,4,1215
4,4,1217
4,4,1218
4,4,1228
4,4,1237
4,4,1238
4,4,1248
4,4,1251
